Reference molID, Reference formula, Test molID, Test formula, Perpendicular Distance, Planar Angle (Deg), Relative X-angle (Deg), Relative Y-angle (Deg), Relative Z-angle (Deg), Reference X-center, Reference Y-center, Reference Z-center, Test X-center, Test Y-center, Test Z-center
0.1, x-dummy-plane, 112, C4-O1, -0.09, 139.22, 0.00, 0.00, 0.00, 0.00, 0.00, 0.00, -0.09, -17.57, -2.94
0.1, x-dummy-plane, 288, C4-O1, 0.13, 109.93, 0.00, 0.00, 0.00, 0.00, 0.00, 0.00, 0.13, 4.35, -1.85
0.1, x-dummy-plane, 201, C4-O1, 0.14, 67.24, 0.00, 0.00, 0.00, 0.00, 0.00, 0.00, 0.14, -7.81, -0.60
0.1, x-dummy-plane, 40, C4-O1, -0.19, 105.44, 0.00, 0.00, 0.00, 0.00, 0.00, 0.00, -0.19, -18.12, -7.84
0.1, x-dummy-plane, 355, C6, -0.21, 63.89, 0.00, 0.00, 0.00, 0.00, 0.00, 0.00, -0.21, -3.42, 7.66
0.1, x-dummy-plane, 421, C4-O1, 0.26, 68.54, 0.00, 0.00, 0.00, 0.00, 0.00, 0.00, 0.26, 6.25, 14.01
0.1, x-dummy-plane, 340, C4-O1, -0.27, 87.18, 0.00, 0.00, 0.00, 0.00, 0.00, 0.00, -0.27, -18.01, 11.72
0.1, x-dummy-plane, 193, C4-O1, -0.45, 54.94, 0.00, 0.00, 0.00, 0.00, 0.00, 0.00, -0.45, -0.26, -5.66
0.1, x-dummy-plane, 48, C4-O1, 0.48, 156.88, 0.00, 0.00, 0.00, 0.00, 0.00, 0.00, 0.48, 14.74, 17.10
0.1, x-dummy-plane, 287, C4-O1, 0.51, 59.44, 0.00, 0.00, 0.00, 0.00, 0.00, 0.00, 0.51, 6.00, 4.96
0.1, x-dummy-plane, 409, C4-O1, -0.53, 87.05, 0.00, 0.00, 0.00, 0.00, 0.00, 0.00, -0.53, 5.54, 18.99
0.1, x-dummy-plane, 74, C4-O1, 0.53, 19.10, 0.00, 0.00, 0.00, 0.00, 0.00, 0.00, 0.53, 4.56, -9.26
0.1, x-dummy-plane, 69, C4-O1, -0.56, 101.44, 0.00, 0.00, 0.00, 0.00, 0.00, 0.00, -0.56, -19.15, -16.95
0.1, x-dummy-plane, 133, C4-O1, 0.67, 23.21, 0.00, 0.00, 0.00, 0.00, 0.00, 0.00, 0.67, 5.59, -15.06
0.1, x-dummy-plane, 364, C4-O1, 0.75, 135.07, 0.00, 0.00, 0.00, 0.00, 0.00, 0.00, 0.75, -15.05, 17.15
0.1, x-dummy-plane, 279, C6, 0.83, 131.12, 0.00, 0.00, 0.00, 0.00, 0.00, 0.00, 0.83, 13.79, 4.85
0.1, x-dummy-plane, 356, C4-O1, 0.86, 70.75, 0.00, 0.00, 0.00, 0.00, 0.00, 0.00, 0.86, -5.05, 6.77
0.1, x-dummy-plane, 266, C4-O1, -0.87, 102.46, 0.00, 0.00, 0.00, 0.00, 0.00, 0.00, -0.87, 13.37, 0.51
0.1, x-dummy-plane, 404, C4-O1, 0.88, 56.28, 0.00, 0.00, 0.00, 0.00, 0.00, 0.00, 0.88, -10.85, 8.12
0.1, x-dummy-plane, 184, C4-O1, 0.93, 65.54, 0.00, 0.00, 0.00, 0.00, 0.00, 0.00, 0.93, -9.59, 3.21
0.1, x-dummy-plane, 361, C4-O1, -0.94, 58.19, 0.00, 0.00, 0.00, 0.00, 0.00, 0.00, -0.94, -12.37, 13.17
0.1, x-dummy-plane, 434, C6, 0.94, 108.49, 0.00, 0.00, 0.00, 0.00, 0.00, 0.00, 0.94, 1.10, 15.54
0.1, x-dummy-plane, 139, C4-O1, -0.94, 36.63, 0.00, 0.00, 0.00, 0.00, 0.00, 0.00, -0.94, 14.09, -7.17
0.1, x-dummy-plane, 189, C6, 0.97, 35.39, 0.00, 0.00, 0.00, 0.00, 0.00, 0.00, 0.97, -5.01, -5.04
0.1, x-dummy-plane, 138, C6, -1.14, 149.92, 0.00, 0.00, 0.00, 0.00, 0.00, 0.00, -1.14, 13.67, -9.21
0.1, x-dummy-plane, 195, C4-O1, 1.16, 144.13, 0.00, 0.00, 0.00, 0.00, 0.00, 0.00, 1.16, -3.20, -1.11
0.1, x-dummy-plane, 190, C4-O1, 1.21, 72.79, 0.00, 0.00, 0.00, 0.00, 0.00, 0.00, 1.21, -5.11, -4.46
0.1, x-dummy-plane, 362, C4-O1, 1.21, 74.41, 0.00, 0.00, 0.00, 0.00, 0.00, 0.00, 1.21, -8.27, 12.34
0.1, x-dummy-plane, 118, C4-O1, 1.37, 122.49, 0.00, 0.00, 0.00, 0.00, 0.00, 0.00, 1.37, 2.58, 8.62
0.1, x-dummy-plane, 280, C4-O1, 1.52, 70.41, 0.00, 0.00, 0.00, 0.00, 0.00, 0.00, 1.52, 15.33, 3.56
0.1, x-dummy-plane, 435, C4-O1, 1.53, 110.69, 0.00, 0.00, 0.00, 0.00, 0.00, 0.00, 1.53, -0.61, 14.29
0.1, x-dummy-plane, 191, C4-O1, 1.54, 137.72, 0.00, 0.00, 0.00, 0.00, 0.00, 0.00, 1.54, -4.71, -5.29
0.1, x-dummy-plane, 130, C4-O1, -1.57, 98.60, 0.00, 0.00, 0.00, 0.00, 0.00, 0.00, -1.57, 9.78, -17.55
0.1, x-dummy-plane, 68, C6, -1.58, 107.99, 0.00, 0.00, 0.00, 0.00, 0.00, 0.00, -1.58, -17.41, -16.25
0.1, x-dummy-plane, 44, C4-O1, -1.60, 58.11, 0.00, 0.00, 0.00, 0.00, 0.00, 0.00, -1.60, -12.60, -9.32
0.1, x-dummy-plane, 270, C4-O1, -1.65, 142.26, 0.00, 0.00, 0.00, 0.00, 0.00, 0.00, -1.65, 7.13, 0.51
0.1, x-dummy-plane, 360, C6, -1.67, 158.39, 0.00, 0.00, 0.00, 0.00, 0.00, 0.00, -1.67, -11.91, 15.16
0.1, x-dummy-plane, 126, C4-O1, 1.67, 111.47, 0.00, 0.00, 0.00, 0.00, 0.00, 0.00, 1.67, 11.39, -11.38
0.1, x-dummy-plane, 53, C4-O1, -1.72, 86.12, 0.00, 0.00, 0.00, 0.00, 0.00, 0.00, -1.72, -10.33, -18.67
0.1, x-dummy-plane, 259, C4-O1, -1.72, 157.26, 0.00, 0.00, 0.00, 0.00, 0.00, 0.00, -1.72, 9.76, 9.27
0.1, x-dummy-plane, 215, C4-O1, 1.75, 40.68, 0.00, 0.00, 0.00, 0.00, 0.00, 0.00, 1.75, -15.26, 0.64
0.1, x-dummy-plane, 42, C4-O1, 1.78, 62.42, 0.00, 0.00, 0.00, 0.00, 0.00, 0.00, 1.78, -11.35, -12.14
0.1, x-dummy-plane, 203, C4-O1, -1.81, 109.10, 0.00, 0.00, 0.00, 0.00, 0.00, 0.00, -1.81, -9.26, -5.09
0.1, x-dummy-plane, 141, C4-O1, -1.82, 27.24, 0.00, 0.00, 0.00, 0.00, 0.00, 0.00, -1.82, 9.84, -5.85
0.1, x-dummy-plane, 438, C4-O1, -1.84, 18.25, 0.00, 0.00, 0.00, 0.00, 0.00, 0.00, -1.84, -1.32, 17.34
0.1, x-dummy-plane, 214, C4-O1, 1.84, 134.66, 0.00, 0.00, 0.00, 0.00, 0.00, 0.00, 1.84, -13.59, -5.67
0.1, x-dummy-plane, 192, C4-O1, 1.86, 53.29, 0.00, 0.00, 0.00, 0.00, 0.00, 0.00, 1.86, -4.05, -6.77
0.1, x-dummy-plane, 131, C4-O1, 1.90, 76.54, 0.00, 0.00, 0.00, 0.00, 0.00, 0.00, 1.90, 11.35, -15.15
0.1, x-dummy-plane, 197, C6, -1.90, 159.24, 0.00, 0.00, 0.00, 0.00, 0.00, 0.00, -1.90, -11.98, -1.70
0.1, x-dummy-plane, 129, C4-O1, -1.96, 121.88, 0.00, 0.00, 0.00, 0.00, 0.00, 0.00, -1.96, 8.67, -16.41
0.1, x-dummy-plane, 71, C4-O1, -1.96, 42.04, 0.00, 0.00, 0.00, 0.00, 0.00, 0.00, -1.96, 18.21, 17.90
0.1, x-dummy-plane, 115, C4-O1, -2.00, 81.62, 0.00, 0.00, 0.00, 0.00, 0.00, 0.00, -2.00, 14.37, -15.44
0.1, x-dummy-plane, 416, C4-O1, 2.09, 95.32, 0.00, 0.00, 0.00, 0.00, 0.00, 0.00, 2.09, 9.97, 13.79
0.1, x-dummy-plane, 415, C6, 2.09, 137.26, 0.00, 0.00, 0.00, 0.00, 0.00, 0.00, 2.09, 10.26, 13.21
0.1, x-dummy-plane, 113, C4-O1, 2.16, 84.54, 0.00, 0.00, 0.00, 0.00, 0.00, 0.00, 2.16, 16.04, -14.83
0.1, x-dummy-plane, 128, C4-O1, -2.22, 83.53, 0.00, 0.00, 0.00, 0.00, 0.00, 0.00, -2.22, 8.08, -15.65
0.1, x-dummy-plane, 419, C4-O1, 2.22, 81.93, 0.00, 0.00, 0.00, 0.00, 0.00, 0.00, 2.22, 7.10, 9.24
0.1, x-dummy-plane, 111, C4-O1, -2.23, 137.46, 0.00, 0.00, 0.00, 0.00, 0.00, 0.00, -2.23, 16.65, -3.37
0.1, x-dummy-plane, 437, C4-O1, -2.24, 124.19, 0.00, 0.00, 0.00, 0.00, 0.00, 0.00, -2.24, -0.04, 11.64
0.1, x-dummy-plane, 268, C4-O1, 2.24, 111.40, 0.00, 0.00, 0.00, 0.00, 0.00, 0.00, 2.24, 10.38, -1.29
0.1, x-dummy-plane, 127, C6, -2.25, 118.77, 0.00, 0.00, 0.00, 0.00, 0.00, 0.00, -2.25, 8.70, -15.79
0.1, x-dummy-plane, 198, C4-O1, -2.26, 59.80, 0.00, 0.00, 0.00, 0.00, 0.00, 0.00, -2.26, -11.86, -2.23
0.1, x-dummy-plane, 200, C4-O1, -2.27, 39.06, 0.00, 0.00, 0.00, 0.00, 0.00, 0.00, -2.27, -11.47, 0.36
0.1, x-dummy-plane, 199, C4-O1, -2.32, 129.71, 0.00, 0.00, 0.00, 0.00, 0.00, 0.00, -2.32, -11.61, -1.31
0.1, x-dummy-plane, 265, C6, -2.42, 74.02, 0.00, 0.00, 0.00, 0.00, 0.00, 0.00, -2.42, 11.88, 0.53
0.1, x-dummy-plane, 152, C4-O1, -2.44, 61.84, 0.00, 0.00, 0.00, 0.00, 0.00, 0.00, -2.44, 1.43, 3.38
0.1, x-dummy-plane, 140, C4-O1, 2.44, 60.94, 0.00, 0.00, 0.00, 0.00, 0.00, 0.00, 2.44, 16.93, -7.95
0.1, x-dummy-plane, 281, C4-O1, -2.48, 80.98, 0.00, 0.00, 0.00, 0.00, 0.00, 0.00, -2.48, 17.55, 3.85
0.1, x-dummy-plane, 336, C4-O1, 2.51, 114.27, 0.00, 0.00, 0.00, 0.00, 0.00, 0.00, 2.51, -14.94, 8.70
0.1, x-dummy-plane, 426, C4-O1, -2.56, 79.72, 0.00, 0.00, 0.00, 0.00, 0.00, 0.00, -2.56, 7.88, 15.72
0.1, x-dummy-plane, 54, C4-O1, -2.58, 100.16, 0.00, 0.00, 0.00, 0.00, 0.00, 0.00, -2.58, -14.75, 19.03
0.1, x-dummy-plane, 207, C4-O1, 2.60, 49.75, 0.00, 0.00, 0.00, 0.00, 0.00, 0.00, 2.60, 0.97, -3.67
0.1, x-dummy-plane, 299, C4-O1, -2.68, 107.87, 0.00, 0.00, 0.00, 0.00, 0.00, 0.00, -2.68, -6.73, 3.87
0.1, x-dummy-plane, 38, C4-O1, 2.72, 113.33, 0.00, 0.00, 0.00, 0.00, 0.00, 0.00, 2.72, -18.36, 4.58
0.1, x-dummy-plane, 417, C4-O1, 2.74, 170.25, 0.00, 0.00, 0.00, 0.00, 0.00, 0.00, 2.74, 10.11, 13.10
0.1, x-dummy-plane, 64, C6, 2.78, 45.90, 0.00, 0.00, 0.00, 0.00, 0.00, 0.00, 2.78, -8.67, -16.73
0.1, x-dummy-plane, 196, C4-O1, 2.81, 18.75, 0.00, 0.00, 0.00, 0.00, 0.00, 0.00, 2.81, -8.44, -2.92
0.1, x-dummy-plane, 332, C4-O1, 2.81, 100.11, 0.00, 0.00, 0.00, 0.00, 0.00, 0.00, 2.81, -5.35, 15.82
0.1, x-dummy-plane, 357, C4-O1, 2.83, 50.47, 0.00, 0.00, 0.00, 0.00, 0.00, 0.00, 2.83, -2.28, 3.69
0.1, x-dummy-plane, 297, C4-O1, -2.83, 91.49, 0.00, 0.00, 0.00, 0.00, 0.00, 0.00, -2.83, 1.03, -9.49
0.1, x-dummy-plane, 202, C4-O1, -2.90, 52.73, 0.00, 0.00, 0.00, 0.00, 0.00, 0.00, -2.90, -15.91, 1.08
0.1, x-dummy-plane, 194, C4-O1, 2.97, 51.57, 0.00, 0.00, 0.00, 0.00, 0.00, 0.00, 2.97, -8.11, -8.60
0.1, x-dummy-plane, 52, C4-O1, -3.01, 170.55, 0.00, 0.00, 0.00, 0.00, 0.00, 0.00, -3.01, -10.32, -17.57
0.1, x-dummy-plane, 283, C6, 3.09, 80.98, 0.00, 0.00, 0.00, 0.00, 0.00, 0.00, 3.09, 6.38, 1.01
0.1, x-dummy-plane, 260, C4-O1, -3.14, 162.44, 0.00, 0.00, 0.00, 0.00, 0.00, 0.00, -3.14, 5.69, 7.91
0.1, x-dummy-plane, 373, C4-O1, -3.23, 113.63, 0.00, 0.00, 0.00, 0.00, 0.00, 0.00, -3.23, 9.56, -11.60
0.1, x-dummy-plane, 358, C4-O1, 3.24, 68.74, 0.00, 0.00, 0.00, 0.00, 0.00, 0.00, 3.24, -0.50, 9.42
0.1, x-dummy-plane, 269, C4-O1, -3.25, 46.30, 0.00, 0.00, 0.00, 0.00, 0.00, 0.00, -3.25, 12.48, 4.60
0.1, x-dummy-plane, 291, C4-O1, -3.31, 20.78, 0.00, 0.00, 0.00, 0.00, 0.00, 0.00, -3.31, -5.13, -2.32
0.1, x-dummy-plane, 345, C4-O1, -3.44, 81.09, 0.00, 0.00, 0.00, 0.00, 0.00, 0.00, -3.44, -2.26, 5.09
0.1, x-dummy-plane, 187, C4-O1, 3.53, 133.03, 0.00, 0.00, 0.00, 0.00, 0.00, 0.00, 3.53, -14.86, 14.06
0.1, x-dummy-plane, 10, C4-O1, -3.56, 70.59, 0.00, 0.00, 0.00, 0.00, 0.00, 0.00, -3.56, -3.48, -7.66
0.1, x-dummy-plane, 70, C4-O1, 3.57, 92.12, 0.00, 0.00, 0.00, 0.00, 0.00, 0.00, 3.57, -17.04, -16.76
0.1, x-dummy-plane, 66, C4-O1, 3.64, 101.42, 0.00, 0.00, 0.00, 0.00, 0.00, 0.00, 3.64, -3.60, -17.51
0.1, x-dummy-plane, 50, C6, -3.65, 59.76, 0.00, 0.00, 0.00, 0.00, 0.00, 0.00, -3.65, -10.31, -17.73
0.1, x-dummy-plane, 154, C4-O1, -3.68, 78.90, 0.00, 0.00, 0.00, 0.00, 0.00, 0.00, -3.68, -8.07, -9.56
0.1, x-dummy-plane, 418, C4-O1, 3.69, 72.13, 0.00, 0.00, 0.00, 0.00, 0.00, 0.00, 3.69, 10.61, 11.79
0.1, x-dummy-plane, 420, C4-O1, 3.71, 155.47, 0.00, 0.00, 0.00, 0.00, 0.00, 0.00, 3.71, 11.25, 17.34
0.1, x-dummy-plane, 225, C4-O1, -3.71, 116.61, 0.00, 0.00, 0.00, 0.00, 0.00, 0.00, -3.71, 16.39, 11.70
0.1, x-dummy-plane, 264, C4-O1, 3.74, 149.12, 0.00, 0.00, 0.00, 0.00, 0.00, 0.00, 3.74, 2.78, -13.77
0.1, x-dummy-plane, 290, C4-O1, -3.80, 64.09, 0.00, 0.00, 0.00, 0.00, 0.00, 0.00, -3.80, 13.78, 18.03
0.1, x-dummy-plane, 275, C4-O1, -3.81, 55.48, 0.00, 0.00, 0.00, 0.00, 0.00, 0.00, -3.81, 6.26, 3.26
0.1, x-dummy-plane, 37, C4-O1, -3.82, 37.82, 0.00, 0.00, 0.00, 0.00, 0.00, 0.00, -3.82, -13.03, 7.76
0.1, x-dummy-plane, 51, C4-O1, -3.82, 113.74, 0.00, 0.00, 0.00, 0.00, 0.00, 0.00, -3.82, -10.35, -17.09
0.1, x-dummy-plane, 267, C4-O1, -3.87, 118.10, 0.00, 0.00, 0.00, 0.00, 0.00, 0.00, -3.87, 16.73, -0.03
0.1, x-dummy-plane, 155, C4-O1, 3.94, 102.08, 0.00, 0.00, 0.00, 0.00, 0.00, 0.00, 3.94, -16.67, -8.86
0.1, x-dummy-plane, 124, C4-O1, 3.96, 87.11, 0.00, 0.00, 0.00, 0.00, 0.00, 0.00, 3.96, 10.78, -6.00
0.1, x-dummy-plane, 408, C4-O1, 3.97, 93.31, 0.00, 0.00, 0.00, 0.00, 0.00, 0.00, 3.97, 5.89, 19.03
0.1, x-dummy-plane, 55, C4-O1, -4.10, 157.52, 0.00, 0.00, 0.00, 0.00, 0.00, 0.00, -4.10, -7.44, -14.30
0.1, x-dummy-plane, 211, C6, 4.19, 80.01, 0.00, 0.00, 0.00, 0.00, 0.00, 0.00, 4.19, -12.31, -1.11
0.1, x-dummy-plane, 82, C4-O1, -4.23, 153.38, 0.00, 0.00, 0.00, 0.00, 0.00, 0.00, -4.23, -2.64, 14.88
0.1, x-dummy-plane, 183, C4-O1, 4.24, 72.64, 0.00, 0.00, 0.00, 0.00, 0.00, 0.00, 4.24, -6.78, 1.95
0.1, x-dummy-plane, 334, C4-O1, -4.24, 34.10, 0.00, 0.00, 0.00, 0.00, 0.00, 0.00, -4.24, -8.83, 13.59
0.1, x-dummy-plane, 120, C4-O1, 4.27, 71.43, 0.00, 0.00, 0.00, 0.00, 0.00, 0.00, 4.27, 8.49, -10.83
0.1, x-dummy-plane, 119, C6, 4.48, 117.30, 0.00, 0.00, 0.00, 0.00, 0.00, 0.00, 4.48, 8.17, -10.30
0.1, x-dummy-plane, 144, C4-O1, 4.58, 86.23, 0.00, 0.00, 0.00, 0.00, 0.00, 0.00, 4.58, -0.22, -9.22
0.1, x-dummy-plane, 363, C4-O1, -4.58, 63.67, 0.00, 0.00, 0.00, 0.00, 0.00, 0.00, -4.58, -15.08, 12.94
0.1, x-dummy-plane, 39, C4-O1, -4.60, 100.48, 0.00, 0.00, 0.00, 0.00, 0.00, 0.00, -4.60, 18.76, -8.28
0.1, x-dummy-plane, 65, C4-O1, 4.64, 89.13, 0.00, 0.00, 0.00, 0.00, 0.00, 0.00, 4.64, -8.10, -17.62
0.1, x-dummy-plane, 228, C4-O1, -4.67, 78.04, 0.00, 0.00, 0.00, 0.00, 0.00, 0.00, -4.67, 5.68, -9.04
0.1, x-dummy-plane, 125, C4-O1, 4.72, 153.87, 0.00, 0.00, 0.00, 0.00, 0.00, 0.00, 4.72, 7.99, -14.55
0.1, x-dummy-plane, 56, C4-O1, -4.75, 60.74, 0.00, 0.00, 0.00, 0.00, 0.00, 0.00, -4.75, -13.69, -14.88
0.1, x-dummy-plane, 263, C4-O1, 4.96, 44.26, 0.00, 0.00, 0.00, 0.00, 0.00, 0.00, 4.96, 18.92, -4.25
0.1, x-dummy-plane, 121, C4-O1, 5.05, 155.28, 0.00, 0.00, 0.00, 0.00, 0.00, 0.00, 5.05, 8.56, -10.22
0.1, x-dummy-plane, 284, C4-O1, 5.06, 141.31, 0.00, 0.00, 0.00, 0.00, 0.00, 0.00, 5.06, 5.58, 1.09
0.1, x-dummy-plane, 142, C4-O1, -5.14, 135.42, 0.00, 0.00, 0.00, 0.00, 0.00, 0.00, -5.14, 13.00, -10.34
0.1, x-dummy-plane, 205, C6, 5.20, 166.19, 0.00, 0.00, 0.00, 0.00, 0.00, 0.00, 5.20, -3.51, -2.92
0.1, x-dummy-plane, 212, C4-O1, 5.26, 95.96, 0.00, 0.00, 0.00, 0.00, 0.00, 0.00, 5.26, -13.29, -2.66
0.1, x-dummy-plane, 114, C4-O1, 5.39, 106.30, 0.00, 0.00, 0.00, 0.00, 0.00, 0.00, 5.39, -19.15, -13.66
0.1, x-dummy-plane, 428, C4-O1, -5.48, 137.02, 0.00, 0.00, 0.00, 0.00, 0.00, 0.00, -5.48, 8.60, 11.22
0.1, x-dummy-plane, 206, C4-O1, 5.50, 43.61, 0.00, 0.00, 0.00, 0.00, 0.00, 0.00, 5.50, -2.46, -4.68
0.1, x-dummy-plane, 338, C4-O1, 5.51, 154.59, 0.00, 0.00, 0.00, 0.00, 0.00, 0.00, 5.51, -11.64, -7.01
0.1, x-dummy-plane, 347, C4-O1, -5.52, 135.78, 0.00, 0.00, 0.00, 0.00, 0.00, 0.00, -5.52, -4.99, 9.79
0.1, x-dummy-plane, 331, C4-O1, 5.54, 104.76, 0.00, 0.00, 0.00, 0.00, 0.00, 0.00, 5.54, -2.58, 18.19
0.1, x-dummy-plane, 286, C4-O1, 5.55, 27.74, 0.00, 0.00, 0.00, 0.00, 0.00, 0.00, 5.55, 5.88, -3.45
0.1, x-dummy-plane, 72, C4-O1, -5.58, 29.46, 0.00, 0.00, 0.00, 0.00, 0.00, 0.00, -5.58, -18.89, -15.15
0.1, x-dummy-plane, 83, C4-O1, -5.67, 14.26, 0.00, 0.00, 0.00, 0.00, 0.00, 0.00, -5.67, -14.80, -7.89
0.1, x-dummy-plane, 344, C4-O1, -5.68, 81.39, 0.00, 0.00, 0.00, 0.00, 0.00, 0.00, -5.68, 0.60, 7.93
0.1, x-dummy-plane, 204, C4-O1, -5.69, 85.44, 0.00, 0.00, 0.00, 0.00, 0.00, 0.00, -5.69, -13.86, -3.49
0.1, x-dummy-plane, 73, C4-O1, -5.83, 110.83, 0.00, 0.00, 0.00, 0.00, 0.00, 0.00, -5.83, 3.88, -4.45
0.1, x-dummy-plane, 132, C4-O1, -5.84, 88.56, 0.00, 0.00, 0.00, 0.00, 0.00, 0.00, -5.84, 10.13, -19.44
0.1, x-dummy-plane, 352, C4-O1, -5.96, 28.24, 0.00, 0.00, 0.00, 0.00, 0.00, 0.00, -5.96, -5.76, 13.43
0.1, x-dummy-plane, 436, C4-O1, 5.97, 102.97, 0.00, 0.00, 0.00, 0.00, 0.00, 0.00, 5.97, 0.05, 15.12
0.1, x-dummy-plane, 333, C4-O1, -6.03, 31.41, 0.00, 0.00, 0.00, 0.00, 0.00, 0.00, -6.03, -11.54, 16.75
0.1, x-dummy-plane, 43, C4-O1, 6.06, 70.54, 0.00, 0.00, 0.00, 0.00, 0.00, 0.00, 6.06, -11.18, -13.55
0.1, x-dummy-plane, 116, C4-O1, 6.10, 144.03, 0.00, 0.00, 0.00, 0.00, 0.00, 0.00, 6.10, -3.85, 10.55
0.1, x-dummy-plane, 178, C4-O1, 6.11, 89.58, 0.00, 0.00, 0.00, 0.00, 0.00, 0.00, 6.11, 17.85, 0.77
0.1, x-dummy-plane, 285, C4-O1, 6.20, 134.77, 0.00, 0.00, 0.00, 0.00, 0.00, 0.00, 6.20, 7.49, 5.07
0.1, x-dummy-plane, 429, C6, 6.23, 149.97, 0.00, 0.00, 0.00, 0.00, 0.00, 0.00, 6.23, 8.26, 14.72
0.1, x-dummy-plane, 257, C4-O1, 6.27, 40.81, 0.00, 0.00, 0.00, 0.00, 0.00, 0.00, 6.27, 14.99, 4.36
0.1, x-dummy-plane, 122, C4-O1, 6.29, 89.99, 0.00, 0.00, 0.00, 0.00, 0.00, 0.00, 6.29, 8.39, -9.08
0.1, x-dummy-plane, 315, C4-O1, 6.35, 160.58, 0.00, 0.00, 0.00, 0.00, 0.00, 0.00, 6.35, -11.43, 12.79
0.1, x-dummy-plane, 343, C4-O1, -6.45, 38.76, 0.00, 0.00, 0.00, 0.00, 0.00, 0.00, -6.45, -0.62, 8.64
0.1, x-dummy-plane, 151, C4-O1, -6.56, 82.89, 0.00, 0.00, 0.00, 0.00, 0.00, 0.00, -6.56, -18.70, -1.47
0.1, x-dummy-plane, 45, C4-O1, 6.62, 50.72, 0.00, 0.00, 0.00, 0.00, 0.00, 0.00, 6.62, -0.13, -14.95
0.1, x-dummy-plane, 224, C4-O1, -6.63, 71.93, 0.00, 0.00, 0.00, 0.00, 0.00, 0.00, -6.63, 5.26, -12.55
0.1, x-dummy-plane, 134, C6, 6.68, 50.48, 0.00, 0.00, 0.00, 0.00, 0.00, 0.00, 6.68, 12.10, -12.72
0.1, x-dummy-plane, 61, C4-O1, -6.73, 43.14, 0.00, 0.00, 0.00, 0.00, 0.00, 0.00, -6.73, -11.79, -12.51
0.1, x-dummy-plane, 422, C6, -6.82, 105.53, 0.00, 0.00, 0.00, 0.00, 0.00, 0.00, -6.82, 5.41, 14.01
0.1, x-dummy-plane, 277, C4-O1, -6.95, 38.55, 0.00, 0.00, 0.00, 0.00, 0.00, 0.00, -6.95, 8.28, -0.37
0.1, x-dummy-plane, 271, C6, -6.96, 134.25, 0.00, 0.00, 0.00, 0.00, 0.00, 0.00, -6.96, 3.80, 0.56
0.1, x-dummy-plane, 423, C4-O1, -6.99, 81.49, 0.00, 0.00, 0.00, 0.00, 0.00, 0.00, -6.99, 5.61, 13.43
0.1, x-dummy-plane, 425, C4-O1, -7.04, 70.96, 0.00, 0.00, 0.00, 0.00, 0.00, 0.00, -7.04, 6.40, 15.93
0.1, x-dummy-plane, 342, C4-O1, -7.04, 96.03, 0.00, 0.00, 0.00, 0.00, 0.00, 0.00, -7.04, -1.30, 9.00
0.1, x-dummy-plane, 424, C4-O1, -7.05, 98.94, 0.00, 0.00, 0.00, 0.00, 0.00, 0.00, -7.05, 5.99, 14.31
0.1, x-dummy-plane, 341, C6, -7.05, 58.06, 0.00, 0.00, 0.00, 0.00, 0.00, 0.00, -7.05, -0.93, 8.48
0.1, x-dummy-plane, 274, C4-O1, -7.10, 42.35, 0.00, 0.00, 0.00, 0.00, 0.00, 0.00, -7.10, 3.21, 2.64
0.1, x-dummy-plane, 431, C4-O1, 7.18, 37.80, 0.00, 0.00, 0.00, 0.00, 0.00, 0.00, 7.18, 13.51, 13.99
0.1, x-dummy-plane, 376, C4-O1, -7.19, 77.80, 0.00, 0.00, 0.00, 0.00, 0.00, 0.00, -7.19, 9.31, 6.15
0.1, x-dummy-plane, 430, C4-O1, 7.21, 55.47, 0.00, 0.00, 0.00, 0.00, 0.00, 0.00, 7.21, 8.99, 12.95
0.1, x-dummy-plane, 47, C4-O1, -7.29, 110.03, 0.00, 0.00, 0.00, 0.00, 0.00, 0.00, -7.29, -10.20, 9.11
0.1, x-dummy-plane, 273, C4-O1, -7.31, 111.66, 0.00, 0.00, 0.00, 0.00, 0.00, 0.00, -7.31, 3.90, 1.15
0.1, x-dummy-plane, 272, C4-O1, -7.32, 62.37, 0.00, 0.00, 0.00, 0.00, 0.00, 0.00, -7.32, 4.21, 0.23
0.1, x-dummy-plane, 412, C4-O1, 7.62, 57.64, 0.00, 0.00, 0.00, 0.00, 0.00, 0.00, 7.62, 8.76, -0.46
0.1, x-dummy-plane, 182, C4-O1, 7.63, 37.63, 0.00, 0.00, 0.00, 0.00, 0.00, 0.00, 7.63, -18.06, -3.07
0.1, x-dummy-plane, 411, C4-O1, -7.87, 120.07, 0.00, 0.00, 0.00, 0.00, 0.00, 0.00, -7.87, 18.57, -19.12
0.1, x-dummy-plane, 123, C4-O1, 7.87, 57.33, 0.00, 0.00, 0.00, 0.00, 0.00, 0.00, 7.87, 4.71, -11.09
0.1, x-dummy-plane, 261, C4-O1, 7.90, 150.27, 0.00, 0.00, 0.00, 0.00, 0.00, 0.00, 7.90, 17.04, -17.81
0.1, x-dummy-plane, 180, C4-O1, 8.08, 28.85, 0.00, 0.00, 0.00, 0.00, 0.00, 0.00, 8.08, -16.25, -7.14
0.1, x-dummy-plane, 346, C4-O1, -8.08, 21.08, 0.00, 0.00, 0.00, 0.00, 0.00, 0.00, -8.08, -0.71, 12.83
0.1, x-dummy-plane, 78, C4-O1, -8.10, 10.21, 0.00, 0.00, 0.00, 0.00, 0.00, 0.00, -8.10, 10.35, -13.17
0.1, x-dummy-plane, 135, C4-O1, 8.23, 95.49, 0.00, 0.00, 0.00, 0.00, 0.00, 0.00, 8.23, 11.68, -11.33
0.1, x-dummy-plane, 256, C4-O1, 8.25, 48.83, 0.00, 0.00, 0.00, 0.00, 0.00, 0.00, 8.25, 11.05, 3.17
0.1, x-dummy-plane, 216, C4-O1, -8.29, 23.06, 0.00, 0.00, 0.00, 0.00, 0.00, 0.00, -8.29, -5.02, 5.73
0.1, x-dummy-plane, 208, C5-O1, 8.30, 108.79, 0.00, 0.00, 0.00, 0.00, 0.00, 0.00, 8.30, -7.01, -1.90
0.1, x-dummy-plane, 153, C4-O1, -8.33, 132.48, 0.00, 0.00, 0.00, 0.00, 0.00, 0.00, -8.33, -7.72, -8.03
0.1, x-dummy-plane, 146, C4-O1, -8.43, 120.13, 0.00, 0.00, 0.00, 0.00, 0.00, 0.00, -8.43, -15.45, 0.64
0.1, x-dummy-plane, 316, C4-O1, 8.46, 90.20, 0.00, 0.00, 0.00, 0.00, 0.00, 0.00, 8.46, -18.50, 10.40
0.1, x-dummy-plane, 27, C4-O1, -8.50, 93.03, 0.00, 0.00, 0.00, 0.00, 0.00, 0.00, -8.50, -0.20, -14.26
0.1, x-dummy-plane, 335, C4-O1, -8.55, 29.04, 0.00, 0.00, 0.00, 0.00, 0.00, 0.00, -8.55, -14.89, 18.46
0.1, x-dummy-plane, 76, C4-O1, -8.58, 12.24, 0.00, 0.00, 0.00, 0.00, 0.00, 0.00, -8.58, 10.65, -8.72
0.1, x-dummy-plane, 210, C4-O1, 8.60, 121.65, 0.00, 0.00, 0.00, 0.00, 0.00, 0.00, 8.60, -6.96, -1.93
0.1, x-dummy-plane, 9, C4-O1, -8.64, 127.88, 0.00, 0.00, 0.00, 0.00, 0.00, 0.00, -8.64, 10.83, 12.63
0.1, x-dummy-plane, 181, C4-O1, 8.71, 6.35, 0.00, 0.00, 0.00, 0.00, 0.00, 0.00, 8.71, -16.05, -11.61
0.1, x-dummy-plane, 276, C4-O1, -8.78, 36.55, 0.00, 0.00, 0.00, 0.00, 0.00, 0.00, -8.78, -0.85, 1.34
0.1, x-dummy-plane, 41, C4-O1, -8.80, 98.90, 0.00, 0.00, 0.00, 0.00, 0.00, 0.00, -8.80, 18.15, -10.05
0.1, x-dummy-plane, 16, C4-O1, -8.84, 97.74, 0.00, 0.00, 0.00, 0.00, 0.00, 0.00, -8.84, -7.02, -14.66
0.1, x-dummy-plane, 213, C4-O1, 8.89, 97.82, 0.00, 0.00, 0.00, 0.00, 0.00, 0.00, 8.89, -10.62, -2.40
0.1, x-dummy-plane, 313, C4-O1, 8.92, 31.67, 0.00, 0.00, 0.00, 0.00, 0.00, 0.00, 8.92, -10.68, 15.90
0.1, x-dummy-plane, 351, C4-O1, -8.98, 145.33, 0.00, 0.00, 0.00, 0.00, 0.00, 0.00, -8.98, -9.11, 14.25
0.1, x-dummy-plane, 310, C4-O1, 8.99, 145.38, 0.00, 0.00, 0.00, 0.00, 0.00, 0.00, 8.99, -15.17, 12.55
0.1, x-dummy-plane, 2, C4-O1, -9.07, 86.78, 0.00, 0.00, 0.00, 0.00, 0.00, 0.00, -9.07, -13.08, 5.11
0.1, x-dummy-plane, 329, C4-O1, 9.11, 155.96, 0.00, 0.00, 0.00, 0.00, 0.00, 0.00, 9.11, 4.16, 12.25
0.1, x-dummy-plane, 77, C4-O1, -9.13, 8.85, 0.00, 0.00, 0.00, 0.00, 0.00, 0.00, -9.13, 12.17, -4.33
0.1, x-dummy-plane, 57, C6, -9.21, 169.38, 0.00, 0.00, 0.00, 0.00, 0.00, 0.00, -9.21, -15.06, -9.30
0.1, x-dummy-plane, 63, C4-O1, -9.29, 33.81, 0.00, 0.00, 0.00, 0.00, 0.00, 0.00, -9.29, -16.27, -13.78
0.1, x-dummy-plane, 217, C4-O1, -9.30, 123.80, 0.00, 0.00, 0.00, 0.00, 0.00, 0.00, -9.30, -10.22, -18.61
0.1, x-dummy-plane, 60, C4-O1, -9.31, 33.28, 0.00, 0.00, 0.00, 0.00, 0.00, 0.00, -9.31, -12.96, -8.76
0.1, x-dummy-plane, 255, C4-O1, 9.36, 75.44, 0.00, 0.00, 0.00, 0.00, 0.00, 0.00, 9.36, 2.80, -0.31
0.1, x-dummy-plane, 75, C4-O1, -9.41, 142.42, 0.00, 0.00, 0.00, 0.00, 0.00, 0.00, -9.41, 17.57, 4.29
0.1, x-dummy-plane, 85, C4-O1, -9.43, 73.28, 0.00, 0.00, 0.00, 0.00, 0.00, 0.00, -9.43, 12.92, 5.59
0.1, x-dummy-plane, 311, C4-O1, 9.48, 94.04, 0.00, 0.00, 0.00, 0.00, 0.00, 0.00, 9.48, -15.15, 13.38
0.1, x-dummy-plane, 309, C6, 9.51, 44.41, 0.00, 0.00, 0.00, 0.00, 0.00, 0.00, 9.51, -14.86, 12.79
0.1, x-dummy-plane, 328, C4-O1, 9.53, 156.26, 0.00, 0.00, 0.00, 0.00, 0.00, 0.00, 9.53, -2.86, 14.87
0.1, x-dummy-plane, 167, C4-O1, 9.55, 101.80, 0.00, 0.00, 0.00, 0.00, 0.00, 0.00, 9.55, -14.09, 1.89
0.1, x-dummy-plane, 59, C4-O1, -9.63, 53.80, 0.00, 0.00, 0.00, 0.00, 0.00, 0.00, -9.63, -14.53, -9.29
0.1, x-dummy-plane, 5, C4-O1, -9.66, 118.02, 0.00, 0.00, 0.00, 0.00, 0.00, 0.00, -9.66, -9.23, -2.99
0.1, x-dummy-plane, 58, C4-O1, -9.66, 50.82, 0.00, 0.00, 0.00, 0.00, 0.00, 0.00, -9.66, -15.46, -9.56
0.1, x-dummy-plane, 289, C4-O1, -9.70, 120.04, 0.00, 0.00, 0.00, 0.00, 0.00, 0.00, -9.70, -19.46, 12.70
0.1, x-dummy-plane, 136, C4-O1, 9.73, 98.78, 0.00, 0.00, 0.00, 0.00, 0.00, 0.00, 9.73, 8.07, -13.66
0.1, x-dummy-plane, 117, C4-O1, 9.84, 64.64, 0.00, 0.00, 0.00, 0.00, 0.00, 0.00, 9.84, -7.68, -11.08
0.1, x-dummy-plane, 348, C6, -9.86, 52.32, 0.00, 0.00, 0.00, 0.00, 0.00, 0.00, -9.86, -8.80, 12.29
0.1, x-dummy-plane, 300, C4-O1, -9.89, 46.41, 0.00, 0.00, 0.00, 0.00, 0.00, 0.00, -9.89, 17.96, -4.72
0.1, x-dummy-plane, 350, C4-O1, -9.94, 88.36, 0.00, 0.00, 0.00, 0.00, 0.00, 0.00, -9.94, -8.59, 12.94
0.1, x-dummy-plane, 368, C4-O1, -9.98, 69.65, 0.00, 0.00, 0.00, 0.00, 0.00, 0.00, -9.98, 11.08, 16.93
0.1, x-dummy-plane, 238, C4-O1, 10.09, 31.58, 0.00, 0.00, 0.00, 0.00, 0.00, 0.00, 10.09, 12.82, 6.28
0.1, x-dummy-plane, 414, C4-O1, 10.10, 143.74, 0.00, 0.00, 0.00, 0.00, 0.00, 0.00, 10.10, 3.19, -5.55
0.1, x-dummy-plane, 413, C4-O1, 10.15, 111.24, 0.00, 0.00, 0.00, 0.00, 0.00, 0.00, 10.15, 17.73, 6.35
0.1, x-dummy-plane, 28, C4-O1, -10.16, 87.25, 0.00, 0.00, 0.00, 0.00, 0.00, 0.00, -10.16, 1.00, -18.37
0.1, x-dummy-plane, 33, C4-O1, -10.21, 126.53, 0.00, 0.00, 0.00, 0.00, 0.00, 0.00, -10.21, -4.03, -6.51
0.1, x-dummy-plane, 109, C4-O1, 10.24, 87.25, 0.00, 0.00, 0.00, 0.00, 0.00, 0.00, 10.24, -7.95, -14.87
0.1, x-dummy-plane, 186, C4-O1, 10.28, 97.59, 0.00, 0.00, 0.00, 0.00, 0.00, 0.00, 10.28, 1.08, 4.08
0.1, x-dummy-plane, 26, C6, -10.35, 131.88, 0.00, 0.00, 0.00, 0.00, 0.00, 0.00, -10.35, 0.17, -13.24
0.1, x-dummy-plane, 372, C4-O1, -10.38, 24.67, 0.00, 0.00, 0.00, 0.00, 0.00, 0.00, -10.38, 7.34, 3.85
0.1, x-dummy-plane, 62, C4-O1, -10.38, 47.47, 0.00, 0.00, 0.00, 0.00, 0.00, 0.00, -10.38, -14.45, -4.43
0.1, x-dummy-plane, 312, C4-O1, 10.39, 30.25, 0.00, 0.00, 0.00, 0.00, 0.00, 0.00, 10.39, -14.93, 14.73
0.1, x-dummy-plane, 349, C4-O1, -10.39, 39.60, 0.00, 0.00, 0.00, 0.00, 0.00, 0.00, -10.39, -8.47, 12.10
0.1, x-dummy-plane, 46, C4-O1, 10.50, 25.19, 0.00, 0.00, 0.00, 0.00, 0.00, 0.00, 10.50, 5.82, 5.81
0.1, x-dummy-plane, 262, C4-O1, 10.50, 121.66, 0.00, 0.00, 0.00, 0.00, 0.00, 0.00, 10.50, -15.38, 7.57
0.1, x-dummy-plane, 354, C4-O1, -10.61, 140.25, 0.00, 0.00, 0.00, 0.00, 0.00, 0.00, -10.61, -4.43, 10.76
0.1, x-dummy-plane, 15, C4-O1, -10.63, 99.77, 0.00, 0.00, 0.00, 0.00, 0.00, 0.00, -10.63, -3.66, -17.07
0.1, x-dummy-plane, 237, C6, 10.65, 57.43, 0.00, 0.00, 0.00, 0.00, 0.00, 0.00, 10.65, 12.61, 6.51
0.1, x-dummy-plane, 308, C4-O1, 10.65, 72.78, 0.00, 0.00, 0.00, 0.00, 0.00, 0.00, 10.65, -8.40, 13.31
0.1, x-dummy-plane, 239, C4-O1, 10.70, 80.49, 0.00, 0.00, 0.00, 0.00, 0.00, 0.00, 10.70, 13.08, 7.00
0.1, x-dummy-plane, 301, C6, 10.81, 149.99, 0.00, 0.00, 0.00, 0.00, 0.00, 0.00, 10.81, -5.60, 10.07
0.1, x-dummy-plane, 353, C4-O1, -10.96, 29.17, 0.00, 0.00, 0.00, 0.00, 0.00, 0.00, -10.96, -13.32, 14.15
0.1, x-dummy-plane, 302, C4-O1, 10.97, 83.91, 0.00, 0.00, 0.00, 0.00, 0.00, 0.00, 10.97, -5.61, 10.71
0.1, x-dummy-plane, 143, C4-O1, -10.98, 42.38, 0.00, 0.00, 0.00, 0.00, 0.00, 0.00, -10.98, 8.37, -1.04
0.1, x-dummy-plane, 29, C4-O1, -11.01, 49.30, 0.00, 0.00, 0.00, 0.00, 0.00, 0.00, -11.01, 4.87, -14.21
0.1, x-dummy-plane, 242, C4-O1, 11.11, 167.09, 0.00, 0.00, 0.00, 0.00, 0.00, 0.00, 11.11, 9.50, 10.47
0.1, x-dummy-plane, 227, C4-O1, -11.15, 136.38, 0.00, 0.00, 0.00, 0.00, 0.00, 0.00, -11.15, 15.07, -16.43
0.1, x-dummy-plane, 427, C4-O1, -11.21, 68.65, 0.00, 0.00, 0.00, 0.00, 0.00, 0.00, -11.21, 4.37, 17.06
0.1, x-dummy-plane, 258, C4-O1, 11.21, 57.43, 0.00, 0.00, 0.00, 0.00, 0.00, 0.00, 11.21, 8.24, 1.32
0.1, x-dummy-plane, 366, C4-O1, -11.22, 90.58, 0.00, 0.00, 0.00, 0.00, 0.00, 0.00, -11.22, 3.74, -7.06
0.1, x-dummy-plane, 3, C4-O1, -11.28, 117.66, 0.00, 0.00, 0.00, 0.00, 0.00, 0.00, -11.28, -4.95, -3.22
0.1, x-dummy-plane, 4, C4-O1, -11.30, 95.40, 0.00, 0.00, 0.00, 0.00, 0.00, 0.00, -11.30, -0.48, -3.20
0.1, x-dummy-plane, 305, C4-O1, 11.31, 57.12, 0.00, 0.00, 0.00, 0.00, 0.00, 0.00, 11.31, -1.32, 7.19
0.1, x-dummy-plane, 243, C4-O1, 11.37, 141.94, 0.00, 0.00, 0.00, 0.00, 0.00, 0.00, 11.37, 14.19, 2.37
0.1, x-dummy-plane, 306, C4-O1, 11.42, 65.94, 0.00, 0.00, 0.00, 0.00, 0.00, 0.00, 11.42, -10.07, 7.73
0.1, x-dummy-plane, 303, C4-O1, 11.47, 157.41, 0.00, 0.00, 0.00, 0.00, 0.00, 0.00, 11.47, -5.63, 9.88
0.1, x-dummy-plane, 293, C4-O1, -11.50, 101.91, 0.00, 0.00, 0.00, 0.00, 0.00, 0.00, -11.50, -6.90, -18.59
0.1, x-dummy-plane, 327, C4-O1, 11.51, 97.63, 0.00, 0.00, 0.00, 0.00, 0.00, 0.00, 11.51, -9.98, -19.28
0.1, x-dummy-plane, 219, C4-O1, -11.57, 52.25, 0.00, 0.00, 0.00, 0.00, 0.00, 0.00, -11.57, 14.12, 10.94
0.1, x-dummy-plane, 145, C4-O1, -11.58, 71.39, 0.00, 0.00, 0.00, 0.00, 0.00, 0.00, -11.58, -16.81, 3.50
0.1, x-dummy-plane, 391, C4-O1, 11.59, 98.70, 0.00, 0.00, 0.00, 0.00, 0.00, 0.00, 11.59, 14.86, 17.00
0.1, x-dummy-plane, 278, C4-O1, -11.67, 81.01, 0.00, 0.00, 0.00, 0.00, 0.00, 0.00, -11.67, 3.23, 1.28
0.1, x-dummy-plane, 49, C4-O1, 11.71, 94.96, 0.00, 0.00, 0.00, 0.00, 0.00, 0.00, 11.71, 10.89, 14.97
0.1, x-dummy-plane, 240, C4-O1, 11.81, 153.38, 0.00, 0.00, 0.00, 0.00, 0.00, 0.00, 11.81, 13.32, 8.17
0.1, x-dummy-plane, 406, C4-O1, 11.83, 106.96, 0.00, 0.00, 0.00, 0.00, 0.00, 0.00, 11.83, -4.10, -18.93
0.1, x-dummy-plane, 14, C4-O1, -11.94, 140.92, 0.00, 0.00, 0.00, 0.00, 0.00, 0.00, -11.94, -3.43, -16.00
0.1, x-dummy-plane, 304, C4-O1, 12.15, 65.92, 0.00, 0.00, 0.00, 0.00, 0.00, 0.00, 12.15, -5.66, 8.39
0.1, x-dummy-plane, 106, C4-O1, -12.36, 65.19, 0.00, 0.00, 0.00, 0.00, 0.00, 0.00, -12.36, 11.16, -10.95
0.1, x-dummy-plane, 107, C4-O1, -12.40, 170.84, 0.00, 0.00, 0.00, 0.00, 0.00, 0.00, -12.40, 9.66, -5.34
0.1, x-dummy-plane, 367, C4-O1, -12.41, 55.08, 0.00, 0.00, 0.00, 0.00, 0.00, 0.00, -12.41, 7.52, 15.62
0.1, x-dummy-plane, 12, C6, -12.52, 107.16, 0.00, 0.00, 0.00, 0.00, 0.00, 0.00, -12.52, -3.78, -15.94
0.1, x-dummy-plane, 298, C4-O1, -12.56, 38.88, 0.00, 0.00, 0.00, 0.00, 0.00, 0.00, -12.56, -12.66, 1.66
0.1, x-dummy-plane, 307, C4-O1, 12.71, 149.14, 0.00, 0.00, 0.00, 0.00, 0.00, 0.00, 12.71, -3.01, 13.03
0.1, x-dummy-plane, 166, C4-O1, 12.72, 98.40, 0.00, 0.00, 0.00, 0.00, 0.00, 0.00, 12.72, -10.99, 0.81
0.1, x-dummy-plane, 32, C4-O1, -12.77, 141.32, 0.00, 0.00, 0.00, 0.00, 0.00, 0.00, -12.77, -7.52, -8.03
0.1, x-dummy-plane, 13, C4-O1, -12.77, 117.95, 0.00, 0.00, 0.00, 0.00, 0.00, 0.00, -12.77, -3.38, -15.45
0.1, x-dummy-plane, 18, C4-O1, -12.95, 56.12, 0.00, 0.00, 0.00, 0.00, 0.00, 0.00, -12.95, -4.28, -11.85
0.1, x-dummy-plane, 319, C4-O1, 12.98, 148.85, 0.00, 0.00, 0.00, 0.00, 0.00, 0.00, 12.98, 2.41, 9.85
0.1, x-dummy-plane, 160, C4-O1, -13.05, 103.37, 0.00, 0.00, 0.00, 0.00, 0.00, 0.00, -13.05, -8.60, -0.70
0.1, x-dummy-plane, 365, C4-O1, -13.16, 130.71, 0.00, 0.00, 0.00, 0.00, 0.00, 0.00, -13.16, -4.40, 13.22
0.1, x-dummy-plane, 397, C4-O1, -13.19, 101.83, 0.00, 0.00, 0.00, 0.00, 0.00, 0.00, -13.19, 14.84, 14.61
0.1, x-dummy-plane, 188, C4-O1, 13.20, 46.28, 0.00, 0.00, 0.00, 0.00, 0.00, 0.00, 13.20, 9.81, -10.06
0.1, x-dummy-plane, 147, C4-O1, -13.20, 85.42, 0.00, 0.00, 0.00, 0.00, 0.00, 0.00, -13.20, -16.15, 7.75
0.1, x-dummy-plane, 99, C4-O1, 13.21, 103.90, 0.00, 0.00, 0.00, 0.00, 0.00, 0.00, 13.21, 5.14, -9.14
0.1, x-dummy-plane, 218, C4-O1, -13.22, 55.32, 0.00, 0.00, 0.00, 0.00, 0.00, 0.00, -13.22, 9.93, 10.11
0.1, x-dummy-plane, 36, C4-O1, 13.29, 90.61, 0.00, 0.00, 0.00, 0.00, 0.00, 0.00, 13.29, -15.67, -12.37
0.1, x-dummy-plane, 386, C4-O1, 13.33, 31.68, 0.00, 0.00, 0.00, 0.00, 0.00, 0.00, 13.33, 12.08, -19.42
0.1, x-dummy-plane, 34, C4-O1, -13.35, 137.87, 0.00, 0.00, 0.00, 0.00, 0.00, 0.00, -13.35, -9.80, -11.95
0.1, x-dummy-plane, 170, C4-O1, -13.38, 93.31, 0.00, 0.00, 0.00, 0.00, 0.00, 0.00, -13.38, -3.97, 3.17
0.1, x-dummy-plane, 296, C4-O1, 13.42, 106.07, 0.00, 0.00, 0.00, 0.00, 0.00, 0.00, 13.42, 4.28, 18.33
0.1, x-dummy-plane, 395, C5-O1, -13.45, 88.06, 0.00, 0.00, 0.00, 0.00, 0.00, 0.00, -13.45, 14.87, 14.75
0.1, x-dummy-plane, 314, C4-O1, 13.47, 36.85, 0.00, 0.00, 0.00, 0.00, 0.00, 0.00, 13.47, -18.10, 13.25
0.1, x-dummy-plane, 105, C4-O1, -13.48, 67.46, 0.00, 0.00, 0.00, 0.00, 0.00, 0.00, -13.48, 6.87, -10.36
0.1, x-dummy-plane, 222, C4-O1, -13.49, 100.59, 0.00, 0.00, 0.00, 0.00, 0.00, 0.00, -13.49, 17.24, 6.51
0.1, x-dummy-plane, 90, C4-O1, 13.52, 61.35, 0.00, 0.00, 0.00, 0.00, 0.00, 0.00, 13.52, 16.09, -12.45
0.1, x-dummy-plane, 165, C4-O1, 13.60, 58.84, 0.00, 0.00, 0.00, 0.00, 0.00, 0.00, 13.60, -12.13, 0.08
0.1, x-dummy-plane, 400, C4-O1, -13.72, 78.76, 0.00, 0.00, 0.00, 0.00, 0.00, 0.00, -13.72, 11.15, 14.22
0.1, x-dummy-plane, 387, C4-O1, 13.82, 94.40, 0.00, 0.00, 0.00, 0.00, 0.00, 0.00, 13.82, 12.43, -18.67
0.1, x-dummy-plane, 385, C6, 13.93, 43.58, 0.00, 0.00, 0.00, 0.00, 0.00, 0.00, 13.93, 12.01, -19.17
0.1, x-dummy-plane, 405, C4-O1, 13.98, 35.32, 0.00, 0.00, 0.00, 0.00, 0.00, 0.00, 13.98, 17.24, -4.02
0.1, x-dummy-plane, 163, C6, 14.07, 79.15, 0.00, 0.00, 0.00, 0.00, 0.00, 0.00, 14.07, -12.59, 0.31
0.1, x-dummy-plane, 244, C6, -14.08, 90.35, 0.00, 0.00, 0.00, 0.00, 0.00, 0.00, -14.08, 16.16, -1.23
0.1, x-dummy-plane, 150, C4-O1, 14.08, 124.16, 0.00, 0.00, 0.00, 0.00, 0.00, 0.00, 14.08, -8.16, 4.31
0.1, x-dummy-plane, 402, C4-O1, -14.18, 112.28, 0.00, 0.00, 0.00, 0.00, 0.00, 0.00, -14.18, 10.45, -19.14
0.1, x-dummy-plane, 164, C4-O1, 14.19, 106.71, 0.00, 0.00, 0.00, 0.00, 0.00, 0.00, 14.19, -12.83, -0.27
0.1, x-dummy-plane, 390, C4-O1, 14.22, 3.96, 0.00, 0.00, 0.00, 0.00, 0.00, 0.00, 14.22, 8.92, -15.01
0.1, x-dummy-plane, 226, C4-O1, -14.28, 16.96, 0.00, 0.00, 0.00, 0.00, 0.00, 0.00, -14.28, 7.58, -14.52
0.1, x-dummy-plane, 325, C4-O1, 14.45, 113.34, 0.00, 0.00, 0.00, 0.00, 0.00, 0.00, 14.45, -14.09, 17.56
0.1, x-dummy-plane, 7, C4-O1, -14.46, 108.01, 0.00, 0.00, 0.00, 0.00, 0.00, 0.00, -14.46, 0.21, -7.23
0.1, x-dummy-plane, 175, C4-O1, -14.49, 132.35, 0.00, 0.00, 0.00, 0.00, 0.00, 0.00, -14.49, -11.48, 7.55
0.1, x-dummy-plane, 24, C4-O1, 14.50, 61.18, 0.00, 0.00, 0.00, 0.00, 0.00, 0.00, 14.50, -7.54, -10.46
0.1, x-dummy-plane, 80, C4-O1, -14.51, 122.37, 0.00, 0.00, 0.00, 0.00, 0.00, 0.00, -14.51, 16.98, -7.46
0.1, x-dummy-plane, 1, C4-O1, -14.53, 67.21, 0.00, 0.00, 0.00, 0.00, 0.00, 0.00, -14.53, -10.87, -5.49
0.1, x-dummy-plane, 17, C4-O1, -14.54, 146.01, 0.00, 0.00, 0.00, 0.00, 0.00, 0.00, -14.54, 0.30, -15.80
0.1, x-dummy-plane, 252, C4-O1, 14.55, 83.08, 0.00, 0.00, 0.00, 0.00, 0.00, 0.00, 14.55, 8.62, 6.89
0.1, x-dummy-plane, 31, C6, -14.60, 102.47, 0.00, 0.00, 0.00, 0.00, 0.00, 0.00, -14.60, -6.53, -8.38
0.1, x-dummy-plane, 104, C6, -14.61, 134.01, 0.00, 0.00, 0.00, 0.00, 0.00, 0.00, -14.61, 7.32, -8.59
0.1, x-dummy-plane, 407, C4-O1, 14.61, 79.15, 0.00, 0.00, 0.00, 0.00, 0.00, 0.00, 14.61, -5.42, 16.38
0.1, x-dummy-plane, 241, C4-O1, 14.66, 36.03, 0.00, 0.00, 0.00, 0.00, 0.00, 0.00, 14.66, 15.59, 5.33
0.1, x-dummy-plane, 388, C4-O1, 14.75, 19.59, 0.00, 0.00, 0.00, 0.00, 0.00, 0.00, 14.75, 12.88, -17.41
0.1, x-dummy-plane, 8, C4-O1, 14.76, 101.01, 0.00, 0.00, 0.00, 0.00, 0.00, 0.00, 14.76, -3.57, -7.40
0.1, x-dummy-plane, 110, C4-O1, 14.78, 70.31, 0.00, 0.00, 0.00, 0.00, 0.00, 0.00, 14.78, 2.25, 0.83
0.1, x-dummy-plane, 177, C4-O1, 14.86, 96.01, 0.00, 0.00, 0.00, 0.00, 0.00, 0.00, 14.86, -14.09, 4.35
0.1, x-dummy-plane, 393, C4-O1, -14.87, 33.36, 0.00, 0.00, 0.00, 0.00, 0.00, 0.00, -14.87, -17.99, 12.50
0.1, x-dummy-plane, 171, C4-O1, -14.90, 84.51, 0.00, 0.00, 0.00, 0.00, 0.00, 0.00, -14.90, -0.28, 0.85
0.1, x-dummy-plane, 370, C4-O1, -14.95, 64.41, 0.00, 0.00, 0.00, 0.00, 0.00, 0.00, -14.95, 15.41, 19.18
0.1, x-dummy-plane, 392, C6, -14.97, 160.56, 0.00, 0.00, 0.00, 0.00, 0.00, 0.00, -14.97, -18.96, 14.38
0.1, x-dummy-plane, 185, C4-O1, 15.08, 127.09, 0.00, 0.00, 0.00, 0.00, 0.00, 0.00, 15.08, 12.04, -6.57
0.1, x-dummy-plane, 251, C4-O1, -15.09, 47.10, 0.00, 0.00, 0.00, 0.00, 0.00, 0.00, -15.09, 9.65, 3.06
0.1, x-dummy-plane, 220, C4-O1, -15.18, 46.83, 0.00, 0.00, 0.00, 0.00, 0.00, 0.00, -15.18, 5.91, 10.94
0.1, x-dummy-plane, 318, C4-O1, 15.22, 163.57, 0.00, 0.00, 0.00, 0.00, 0.00, 0.00, 15.22, -1.65, 9.83
0.1, x-dummy-plane, 401, C4-O1, 15.22, 105.08, 0.00, 0.00, 0.00, 0.00, 0.00, 0.00, 15.22, 9.15, 13.67
0.1, x-dummy-plane, 169, C6, -15.23, 46.46, 0.00, 0.00, 0.00, 0.00, 0.00, 0.00, -15.23, -4.29, 4.17
0.1, x-dummy-plane, 159, C4-O1, -15.24, 100.52, 0.00, 0.00, 0.00, 0.00, 0.00, 0.00, -15.24, -4.65, -0.72
0.1, x-dummy-plane, 330, C4-O1, 15.26, 40.37, 0.00, 0.00, 0.00, 0.00, 0.00, 0.00, 15.26, 0.22, -12.92
0.1, x-dummy-plane, 246, C4-O1, -15.33, 3.56, 0.00, 0.00, 0.00, 0.00, 0.00, 0.00, -15.33, -17.79, -3.94
0.1, x-dummy-plane, 245, C4-O1, -15.42, 11.83, 0.00, 0.00, 0.00, 0.00, 0.00, 0.00, -15.42, 16.04, -2.48
0.1, x-dummy-plane, 410, C4-O1, 15.42, 86.03, 0.00, 0.00, 0.00, 0.00, 0.00, 0.00, 15.42, -6.67, -2.90
0.1, x-dummy-plane, 247, C4-O1, -15.46, 52.51, 0.00, 0.00, 0.00, 0.00, 0.00, 0.00, -15.46, -18.62, 1.43
0.1, x-dummy-plane, 292, C4-O1, -15.56, 114.16, 0.00, 0.00, 0.00, 0.00, 0.00, 0.00, -15.56, -8.12, -17.10
0.1, x-dummy-plane, 223, C4-O1, 15.60, 104.13, 0.00, 0.00, 0.00, 0.00, 0.00, 0.00, 15.60, -17.80, 7.68
0.1, x-dummy-plane, 369, C4-O1, -15.73, 50.94, 0.00, 0.00, 0.00, 0.00, 0.00, 0.00, -15.73, 4.54, 15.50
0.1, x-dummy-plane, 95, C4-O1, 15.79, 48.50, 0.00, 0.00, 0.00, 0.00, 0.00, 0.00, 15.79, 2.56, -7.21
0.1, x-dummy-plane, 96, C4-O1, 15.87, 120.81, 0.00, 0.00, 0.00, 0.00, 0.00, 0.00, 15.87, 2.92, -6.32
0.1, x-dummy-plane, 23, C4-O1, -15.93, 85.55, 0.00, 0.00, 0.00, 0.00, 0.00, 0.00, -15.93, -2.02, -11.82
0.1, x-dummy-plane, 295, C4-O1, 15.99, 104.99, 0.00, 0.00, 0.00, 0.00, 0.00, 0.00, 15.99, 0.65, 17.84
0.1, x-dummy-plane, 322, C6, 16.01, 83.90, 0.00, 0.00, 0.00, 0.00, 0.00, 0.00, 16.01, -9.07, 18.10
0.1, x-dummy-plane, 81, C4-O1, -16.11, 121.25, 0.00, 0.00, 0.00, 0.00, 0.00, 0.00, -16.11, 9.29, -3.78
0.1, x-dummy-plane, 394, C4-O1, -16.15, 32.52, 0.00, 0.00, 0.00, 0.00, 0.00, 0.00, -16.15, -13.93, 14.23
0.1, x-dummy-plane, 79, C4-O1, -16.16, 103.35, 0.00, 0.00, 0.00, 0.00, 0.00, 0.00, -16.16, 12.93, -6.15
0.1, x-dummy-plane, 94, C6, 16.29, 163.49, 0.00, 0.00, 0.00, 0.00, 0.00, 0.00, 16.29, 2.68, -6.79
0.1, x-dummy-plane, 236, C4-O1, 16.30, 47.51, 0.00, 0.00, 0.00, 0.00, 0.00, 0.00, 16.30, 13.94, 2.23
0.1, x-dummy-plane, 97, C4-O1, 16.31, 27.38, 0.00, 0.00, 0.00, 0.00, 0.00, 0.00, 16.31, 3.56, -4.81
0.1, x-dummy-plane, 102, C4-O1, 16.45, 80.95, 0.00, 0.00, 0.00, 0.00, 0.00, 0.00, 16.45, 18.81, -16.49
0.1, x-dummy-plane, 158, C4-O1, -16.46, 139.00, 0.00, 0.00, 0.00, 0.00, 0.00, 0.00, -16.46, -5.29, 0.15
0.1, x-dummy-plane, 317, C6, 16.47, 100.42, 0.00, 0.00, 0.00, 0.00, 0.00, 0.00, 16.47, -1.28, 11.23
0.1, x-dummy-plane, 108, C4-O1, -16.51, 34.28, 0.00, 0.00, 0.00, 0.00, 0.00, 0.00, -16.51, 3.93, -6.04
0.1, x-dummy-plane, 229, C6, 16.55, 30.74, 0.00, 0.00, 0.00, 0.00, 0.00, 0.00, 16.55, 17.19, -0.88
0.1, x-dummy-plane, 230, C4-O1, 16.72, 80.07, 0.00, 0.00, 0.00, 0.00, 0.00, 0.00, 16.72, 17.22, -0.26
0.1, x-dummy-plane, 324, C4-O1, -16.78, 100.71, 0.00, 0.00, 0.00, 0.00, 0.00, 0.00, -16.78, -7.62, 16.23
0.1, x-dummy-plane, 374, C4-O1, 16.79, 61.32, 0.00, 0.00, 0.00, 0.00, 0.00, 0.00, 16.79, 10.31, 2.87
0.1, x-dummy-plane, 86, C6, 16.80, 141.53, 0.00, 0.00, 0.00, 0.00, 0.00, 0.00, 16.80, 12.32, -10.91
0.1, x-dummy-plane, 149, C4-O1, -16.83, 130.43, 0.00, 0.00, 0.00, 0.00, 0.00, 0.00, -16.83, -5.57, 9.76
0.1, x-dummy-plane, 382, C4-O1, 16.91, 45.98, 0.00, 0.00, 0.00, 0.00, 0.00, 0.00, 16.91, 16.76, 10.42
0.1, x-dummy-plane, 25, C4-O1, -16.92, 13.65, 0.00, 0.00, 0.00, 0.00, 0.00, 0.00, -16.92, -3.27, -16.73
0.1, x-dummy-plane, 254, C4-O1, 16.93, 107.21, 0.00, 0.00, 0.00, 0.00, 0.00, 0.00, 16.93, 6.00, 9.93
0.1, x-dummy-plane, 383, C4-O1, -16.94, 147.57, 0.00, 0.00, 0.00, 0.00, 0.00, 0.00, -16.94, -17.67, 17.98
0.1, x-dummy-plane, 179, C4-O1, -16.99, 136.64, 0.00, 0.00, 0.00, 0.00, 0.00, 0.00, -16.99, -16.46, -14.75
0.1, x-dummy-plane, 89, C4-O1, 17.00, 47.14, 0.00, 0.00, 0.00, 0.00, 0.00, 0.00, 17.00, 13.06, -12.90
0.1, x-dummy-plane, 389, C4-O1, 17.01, 39.76, 0.00, 0.00, 0.00, 0.00, 0.00, 0.00, 17.01, 16.07, 18.77
0.1, x-dummy-plane, 234, C4-O1, 17.02, 67.89, 0.00, 0.00, 0.00, 0.00, 0.00, 0.00, 17.02, 12.52, -2.91
0.1, x-dummy-plane, 233, C4-O1, 17.02, 84.15, 0.00, 0.00, 0.00, 0.00, 0.00, 0.00, 17.02, -16.57, -3.26
0.1, x-dummy-plane, 174, C4-O1, -17.02, 141.25, 0.00, 0.00, 0.00, 0.00, 0.00, 0.00, -17.02, -13.65, 4.58
0.1, x-dummy-plane, 156, C6, -17.04, 79.24, 0.00, 0.00, 0.00, 0.00, 0.00, 0.00, -17.04, -5.61, -0.06
0.1, x-dummy-plane, 101, C4-O1, -17.05, 66.07, 0.00, 0.00, 0.00, 0.00, 0.00, 0.00, -17.05, 16.57, -15.13
0.1, x-dummy-plane, 381, C4-O1, 17.12, 49.37, 0.00, 0.00, 0.00, 0.00, 0.00, 0.00, 17.12, -13.53, 14.23
0.1, x-dummy-plane, 87, C4-O1, 17.17, 59.16, 0.00, 0.00, 0.00, 0.00, 0.00, 0.00, 17.17, 12.42, -10.42
0.1, x-dummy-plane, 88, C4-O1, 17.20, 63.11, 0.00, 0.00, 0.00, 0.00, 0.00, 0.00, 17.20, 12.67, -11.35
0.1, x-dummy-plane, 231, C4-O1, 17.21, 156.35, 0.00, 0.00, 0.00, 0.00, 0.00, 0.00, 17.21, 17.14, -1.10
0.1, x-dummy-plane, 92, C4-O1, 17.21, 149.97, 0.00, 0.00, 0.00, 0.00, 0.00, 0.00, 17.21, 15.83, -7.88
0.1, x-dummy-plane, 320, C4-O1, 17.22, 116.27, 0.00, 0.00, 0.00, 0.00, 0.00, 0.00, 17.22, 2.02, 14.16
0.1, x-dummy-plane, 168, C4-O1, 17.23, 96.48, 0.00, 0.00, 0.00, 0.00, 0.00, 0.00, 17.23, -11.84, -2.72
0.1, x-dummy-plane, 11, C4-O1, -17.23, 73.81, 0.00, 0.00, 0.00, 0.00, 0.00, 0.00, -17.23, -9.66, 12.39
0.1, x-dummy-plane, 157, C4-O1, -17.28, 120.31, 0.00, 0.00, 0.00, 0.00, 0.00, 0.00, -17.28, -5.63, 0.51
0.1, x-dummy-plane, 235, C4-O1, 17.44, 164.04, 0.00, 0.00, 0.00, 0.00, 0.00, 0.00, 17.44, -18.18, 2.30
0.1, x-dummy-plane, 22, C4-O1, 17.45, 69.19, 0.00, 0.00, 0.00, 0.00, 0.00, 0.00, 17.45, -4.14, -11.55
0.1, x-dummy-plane, 337, C4-O1, 17.46, 70.14, 0.00, 0.00, 0.00, 0.00, 0.00, 0.00, 17.46, 3.48, -15.32
0.1, x-dummy-plane, 326, C4-O1, 17.47, 161.16, 0.00, 0.00, 0.00, 0.00, 0.00, 0.00, 17.47, -5.16, -18.31
0.1, x-dummy-plane, 148, C4-O1, 17.49, 119.69, 0.00, 0.00, 0.00, 0.00, 0.00, 0.00, 17.49, -6.02, 6.53
0.1, x-dummy-plane, 323, C4-O1, 17.54, 103.21, 0.00, 0.00, 0.00, 0.00, 0.00, 0.00, 17.54, -10.57, 18.03
0.1, x-dummy-plane, 403, C4-O1, 17.54, 41.40, 0.00, 0.00, 0.00, 0.00, 0.00, 0.00, 17.54, 7.47, 19.01
0.1, x-dummy-plane, 249, C6, -17.61, 100.06, 0.00, 0.00, 0.00, 0.00, 0.00, 0.00, -17.61, 9.06, 7.50
0.1, x-dummy-plane, 399, C4-O1, -17.71, 91.56, 0.00, 0.00, 0.00, 0.00, 0.00, 0.00, -17.71, 9.16, 14.89
0.1, x-dummy-plane, 100, C6, -17.71, 136.17, 0.00, 0.00, 0.00, 0.00, 0.00, 0.00, -17.71, 16.32, -13.13
0.1, x-dummy-plane, 162, C4-O1, -17.74, 62.83, 0.00, 0.00, 0.00, 0.00, 0.00, 0.00, -17.74, -9.00, 2.37
0.1, x-dummy-plane, 377, C6, 17.81, 171.73, 0.00, 0.00, 0.00, 0.00, 0.00, 0.00, 17.81, -18.60, 14.61
0.1, x-dummy-plane, 232, C4-O1, 17.81, 60.02, 0.00, 0.00, 0.00, 0.00, 0.00, 0.00, 17.81, 17.08, -2.62
0.1, x-dummy-plane, 339, C4-O1, -17.83, 101.27, 0.00, 0.00, 0.00, 0.00, 0.00, 0.00, -17.83, -13.54, -11.39
0.1, x-dummy-plane, 98, C4-O1, 17.91, 24.71, 0.00, 0.00, 0.00, 0.00, 0.00, 0.00, 17.91, 7.59, -6.56
0.1, x-dummy-plane, 221, C4-O1, -17.94, 101.41, 0.00, 0.00, 0.00, 0.00, 0.00, 0.00, -17.94, 18.20, 6.60
0.1, x-dummy-plane, 375, C4-O1, 17.98, 158.76, 0.00, 0.00, 0.00, 0.00, 0.00, 0.00, 17.98, 5.74, 1.59
0.1, x-dummy-plane, 21, C4-O1, 17.98, 55.06, 0.00, 0.00, 0.00, 0.00, 0.00, 0.00, 17.98, -4.92, -13.05
0.1, x-dummy-plane, 84, C4-O1, -18.06, 69.24, 0.00, 0.00, 0.00, 0.00, 0.00, 0.00, -18.06, 11.45, 11.26
0.1, x-dummy-plane, 161, C4-O1, 18.12, 30.95, 0.00, 0.00, 0.00, 0.00, 0.00, 0.00, 18.12, -2.78, 2.78
0.1, x-dummy-plane, 35, C4-O1, -18.14, 83.67, 0.00, 0.00, 0.00, 0.00, 0.00, 0.00, -18.14, -9.15, -8.02
0.1, x-dummy-plane, 253, C4-O1, -18.19, 138.95, 0.00, 0.00, 0.00, 0.00, 0.00, 0.00, -18.19, 13.20, 6.54
0.1, x-dummy-plane, 398, C6, -18.20, 85.26, 0.00, 0.00, 0.00, 0.00, 0.00, 0.00, -18.20, 10.42, 16.54
0.1, x-dummy-plane, 378, C4-O1, 18.20, 56.49, 0.00, 0.00, 0.00, 0.00, 0.00, 0.00, 18.20, 19.23, 15.02
0.1, x-dummy-plane, 176, C4-O1, -18.29, 164.29, 0.00, 0.00, 0.00, 0.00, 0.00, 0.00, -18.29, -14.16, 0.17
0.1, x-dummy-plane, 380, C4-O1, 18.30, 38.77, 0.00, 0.00, 0.00, 0.00, 0.00, 0.00, -19.03, -17.69, 12.73
0.1, x-dummy-plane, 250, C4-O1, -18.31, 60.36, 0.00, 0.00, 0.00, 0.00, 0.00, 0.00, -18.31, 8.31, 6.00
0.1, x-dummy-plane, 371, C4-O1, 18.33, 59.03, 0.00, 0.00, 0.00, 0.00, 0.00, 0.00, 19.00, 12.98, -17.85
0.1, x-dummy-plane, 379, C4-O1, 18.33, 133.55, 0.00, 0.00, 0.00, 0.00, 0.00, 0.00, 18.33, -18.42, 14.17
0.1, x-dummy-plane, 20, C4-O1, 18.42, 95.41, 0.00, 0.00, 0.00, 0.00, 0.00, 0.00, 18.42, -5.44, -13.69
0.1, x-dummy-plane, 93, C4-O1, -18.42, 135.42, 0.00, 0.00, 0.00, 0.00, 0.00, 0.00, -18.42, 8.47, -10.01
0.1, x-dummy-plane, 19, C6, 18.44, 65.00, 0.00, 0.00, 0.00, 0.00, 0.00, 0.00, 18.44, -5.41, -13.03
0.1, x-dummy-plane, 321, C5-O1, 18.45, 114.11, 0.00, 0.00, 0.00, 0.00, 0.00, 0.00, 18.87, -4.70, 14.10
0.1, x-dummy-plane, 294, C4-O1, 18.56, 63.67, 0.00, 0.00, 0.00, 0.00, 0.00, 0.00, -18.77, -9.89, -14.43
0.1, x-dummy-plane, 91, C4-O1, 18.62, 57.28, 0.00, 0.00, 0.00, 0.00, 0.00, 0.00, 18.62, 9.07, -14.52
0.1, x-dummy-plane, 384, C4-O1, 18.63, 140.85, 0.00, 0.00, 0.00, 0.00, 0.00, 0.00, 18.63, 15.30, 15.64
0.1, x-dummy-plane, 173, C6, 18.64, 63.82, 0.00, 0.00, 0.00, 0.00, 0.00, 0.00, 18.69, -12.29, 4.98
0.1, x-dummy-plane, 6, C4-O1, -18.66, 102.92, 0.00, 0.00, 0.00, 0.00, 0.00, 0.00, -18.66, -1.36, -8.07
